{"inputUnits":[34],"outputUnits":3,"inputs":{"0":{"dtype":"number","min":199.12786652605823,"max":507.9858327190236},"1":{"dtype":"number","min":161.84788388500883,"max":223.23682733083052},"2":{"dtype":"number","min":228.73123347063472,"max":541.4475152279152},"3":{"dtype":"number","min":135.62542273376704,"max":188.4725572163029},"4":{"dtype":"number","min":168.14800930394273,"max":502.93299099814567},"5":{"dtype":"number","min":137.91166906690782,"max":192.5241290734436},"6":{"dtype":"number","min":281.7170495652967,"max":567.9414278616701},"7":{"dtype":"number","min":130.09165841781675,"max":202.58711046745805},"8":{"dtype":"number","min":137.39886213369408,"max":485.8076512674413},"9":{"dtype":"number","min":140.21434264424246,"max":204.50280512353328},"10":{"dtype":"number","min":297.4183530102444,"max":601.6425768781729},"11":{"dtype":"number","min":254.62872338202214,"max":405.92606184547515},"12":{"dtype":"number","min":128.03339145526812,"max":488.2948724768969},"13":{"dtype":"number","min":287.0205890343811,"max":347.74716863372447},"14":{"dtype":"number","min":223.75558934786903,"max":637.8291054736779},"15":{"dtype":"number","min":361.1813416833544,"max":592.0092607193884},"16":{"dtype":"number","min":69.09848580564507,"max":549.0261472709448},"17":{"dtype":"number","min":308.8541397510336,"max":567.9966349917163},"18":{"dtype":"number","min":174.80508648467898,"max":623.2563182073809},"19":{"dtype":"number","min":261.2077444351137,"max":579.4193775459022},"20":{"dtype":"number","min":81.42704262343825,"max":628.6945435045294},"21":{"dtype":"number","min":255.6811357193884,"max":567.2020053492446},"22":{"dtype":"number","min":319.04342514067775,"max":523.9133480086865},"23":{"dtype":"number","min":495.1184509514835,"max":597.6340303532345},"24":{"dtype":"number","min":194.85607191746337,"max":470.55824368844236},"25":{"dtype":"number","min":505.5225725582138,"max":587.1116691619042},"26":{"dtype":"number","min":227.36793132143725,"max":566.7051037740151},"27":{"dtype":"number","min":479.3527969775961,"max":593.6975976372507},"28":{"dtype":"number","min":147.1729714953946,"max":504.02134758025295},"29":{"dtype":"number","min":484.21558424656496,"max":588.3634645929596},"30":{"dtype":"number","min":232.54012586541677,"max":564.9103323494878},"31":{"dtype":"number","min":501.0202762588916,"max":570.6701280170842},"32":{"dtype":"number","min":119.54632513717918,"max":528.6445374247629},"33":{"dtype":"number","min":509.03509117749877,"max":573.2282289735074}},"outputs":{"posture":{"dtype":"string","min":0,"max":1,"uniqueValues":["SEATED TWIST LEFT","NORMAL","SEATED TWIST RIGHT"],"legend":{"SEATED TWIST LEFT":[1,0,0],"NORMAL":[0,1,0],"SEATED TWIST RIGHT":[0,0,1]}}},"isNormalized":true}