{"inputUnits":[34],"outputUnits":3,"inputs":{"0":{"dtype":"number","min":285.6141531977672,"max":535.2850365545963},"1":{"dtype":"number","min":159.7175371043877,"max":221.21833177855973},"2":{"dtype":"number","min":310.70100183152965,"max":528.2060841363692},"3":{"dtype":"number","min":130.10711551176436,"max":195.15289306640625},"4":{"dtype":"number","min":252.47411943131385,"max":509.24015327186436},"5":{"dtype":"number","min":123.14234841194599,"max":201.54789163908606},"6":{"dtype":"number","min":336.6340108789822,"max":523.6999933265063},"7":{"dtype":"number","min":111.48989369433215,"max":201.50887515294414},"8":{"dtype":"number","min":205.49890956062288,"max":494.33251288150535},"9":{"dtype":"number","min":111.86328754350833,"max":199.14007667437602},"10":{"dtype":"number","min":231.80113202403027,"max":549.5404290225256},"11":{"dtype":"number","min":226.0738114531402,"max":361.5671889605689},"12":{"dtype":"number","min":145.42665592891234,"max":530.831263204493},"13":{"dtype":"number","min":239.88387297099666,"max":347.6119342017267},"14":{"dtype":"number","min":192.19960550389865,"max":583.9264984724587},"15":{"dtype":"number","min":202.94286111913306,"max":574.0328599506779},"16":{"dtype":"number","min":36.16099524590756,"max":629.1286673341743},"17":{"dtype":"number","min":253.48567739998782,"max":560.6556722440608},"18":{"dtype":"number","min":154.98146205560707,"max":684.3212368145063},"19":{"dtype":"number","min":185.4591613057059,"max":580.4385316603842},"20":{"dtype":"number","min":112.73566873157071,"max":679.2079299154913},"21":{"dtype":"number","min":187.6626325674094,"max":572.7720588654396},"22":{"dtype":"number","min":283.21387561842624,"max":491.5317722424459},"23":{"dtype":"number","min":481.6095896917559,"max":595.5422083042012},"24":{"dtype":"number","min":201.9941551119437,"max":507.33104780026446},"25":{"dtype":"number","min":476.99378210282975,"max":581.3610008625669},"26":{"dtype":"number","min":222.90427241343932,"max":552.0557376846729},"27":{"dtype":"number","min":494.1542807256202,"max":586.8250912914945},"28":{"dtype":"number","min":189.74389577190237,"max":521.741544374696},"29":{"dtype":"number","min":451.57134653529306,"max":589.9580329865333},"30":{"dtype":"number","min":206.93963729917772,"max":541.3646000368586},"31":{"dtype":"number","min":491.52439933806545,"max":570.5884050302468},"32":{"dtype":"number","min":187.8754908936497,"max":552.012676431975},"33":{"dtype":"number","min":494.5382084827943,"max":570.0317240317972}},"outputs":{"posture":{"dtype":"string","min":0,"max":1,"uniqueValues":["SEATED TWIST LEFT","NORMAL","SEATED TWIST RIGHT"],"legend":{"SEATED TWIST LEFT":[1,0,0],"NORMAL":[0,1,0],"SEATED TWIST RIGHT":[0,0,1]}}},"isNormalized":true}